Fpocket_Number	Chain_Res	Residues_Counts	PPI_P_Value	APPLES_P_Value	APPLES_Score
pocket11	['A_LEU420', 'A_PRO423', 'B_LEU320', 'B_LEU317', 'B_MET269', 'B_ALA270', 'B_SER273', 'B_ARG324', 'B_GLN289']	9	6.63E-05	2.22E-16	0.459
pocket18	['A_ASP379', 'A_LYS381', 'A_PRO386', 'A_GLY382', 'A_LEU383', 'A_SER380', 'A_PRO378', 'B_GLU244', 'B_LEU245', 'B_HIS248']	10	2.20E-05	1.31E-11	0.294
pocket19	['A_LEU420', 'A_LYS417', 'A_ALA416', 'B_TYR313', 'B_LEU294', 'B_GLU290', 'B_ALA293']	7	5.89E-04	1.84E-04	0.291
pocket29	['A_THR351', 'A_LYS356', 'A_GLU352', 'B_ASP286', 'B_ASP283', 'B_ARG282', 'B_PRO274']	7	5.89E-04	1.93E-06	0.281
pocket3	['A_GLU394', 'A_GLU401', 'A_ASN227', 'A_LYS395', 'A_ALA398', 'A_ALA402', 'B_ARG310', 'B_PHE311']	8	1.98E-04	1.74E-12	0.300
pocket33	['A_ASP379', 'A_GLU390', 'A_PRO386', 'A_ARG393', 'A_ALA387', 'A_PRO378', 'B_GLN257', 'B_LEU312', 'B_THR252', 'B_HIS248', 'B_LEU319', 'B_GLU322', 'B_LYS255', 'B_ASP309', 'B_LEU256', 'B_LYS315', 'B_ARG308']	17	8.05E-09	0.00E+00	0.352
pocket34	['A_ASP359', 'A_LYS417', 'A_LEU420', 'A_ARG421', 'A_LYS356', 'A_MET360', 'B_ASP286', 'B_GLU290']	8	1.98E-04	1.67E-02	0.241
pocket36	['A_SER427', 'A_GLU434', 'A_ARG348', 'A_LYS431', 'B_ASN327', 'B_PRO277', 'B_ARG276', 'B_GLY196', 'B_GLU200', 'B_GLU328', 'B_ARG324']	11	7.27E-06	2.33E-15	0.434
pocket39	['A_HIS435', 'A_ASP347', 'A_LYS431', 'A_ALA344', 'A_ILE345', 'A_ARG348', 'A_THR351', 'A_ARG334', 'B_GLY278', 'B_ASP275', 'B_ARG282', 'B_PRO277']	12	2.38E-06	7.77E-15	0.351
pocket6	['A_LYS405', 'A_ALA416', 'A_GLU401', 'A_GLY413', 'A_PHE415', 'B_ALA314', 'B_ARG306', 'B_GLN297', 'B_LYS301', 'B_ILE300', 'B_GLN303', 'B_TYR313', 'B_ASP309', 'B_ARG310']	14	2.50E-07	0.00E+00	0.329
pocket8	['A_ASN377', 'A_ARG393', 'A_GLY304', 'A_LEU433', 'A_GLU307', 'A_ALA457', 'A_VAL374', 'A_ILE373', 'A_ASP379', 'A_ARG426', 'A_ALA303', 'A_LEU422', 'A_TRP305', 'A_PHE376', 'A_TYR397', 'A_GLU456', 'A_ASN306', 'A_PHE437', 'A_ARG302', 'A_MET454', 'A_LEU455', 'A_LEU430', 'A_GLY429', 'B_ALA321', 'B_GLU322', 'B_SER325', 'B_LEU245', 'B_GLY318']	28	0.00E+00	0.00E+00	0.478
