Fpocket_Number	Chain_Residues
pocket16	{'B': ['ARG320', 'MET265', 'GLN285', 'LEU316', 'SER269', 'ASP271'], 'A': ['PRO423', 'LEU420', 'ALA424']}
pocket17	{'B': ['GLU286', 'ALA289', 'TYR309', 'GLN293', 'LEU290'], 'A': ['PRO412', 'LEU420', 'ALA416', 'LYS417', 'GLN411', 'GLY413']}
pocket22	{'B': ['HIS244', 'GLU240'], 'A': ['PRO386', 'LYS381', 'SER380', 'LEU383', 'GLY382', 'ASP379']}
pocket27	{'B': ['GLN329', 'GLU200', 'GLU237', 'GLY327', 'GLN331', 'SER348', 'ARG272', 'ARG320', 'ILE346', 'GLY196', 'SER321', 'LYS195', 'PRO273', 'SER192', 'GLU324', 'ASN323', 'TYR328', 'GLN235', 'CYS347', 'ALA325', 'PHE238', 'LEU241'], 'A': ['LEU430', 'SER427', 'GLU434', 'LYS381', 'ARG348', 'PRO458', 'LYS431', 'PHE437']}
pocket28	{'B': ['LYS311', 'LYS251', 'HIS244', 'THR248', 'LEU252', 'ASP305'], 'A': ['PRO386', 'GLU390', 'PRO378', 'ASP379', 'ALA387']}
pocket3	{'B': ['ILE322', 'HIS244', 'LEU315', 'THR248', 'GLU318', 'LEU241', 'PHE245'], 'A': ['ASP379']}
pocket30	{'B': ['PRO273'], 'A': ['ARG348', 'ALA344', 'LYS431', 'HIS435', 'ILE345']}
pocket31	{'B': ['GLU286'], 'A': ['ASP359', 'MET360', 'LEU420', 'ARG421', 'LYS356', 'LYS417']}
pocket33	{'B': ['ARG272', 'PRO270', 'VAL275', 'GLY274', 'PRO273', 'ARG278', 'ASP271'], 'A': ['THR351', 'GLU352', 'ARG348', 'ALA344', 'ASP347']}
pocket6	{'B': ['LYS311', 'GLY314', 'LEU315', 'THR248', 'LEU252'], 'A': ['ARG393', 'GLU390', 'ASP379']}
pocket8	{'B': ['ALA310', 'GLY314', 'SER321', 'ALA317', 'GLU318', 'LEU241'], 'A': ['MET454', 'GLU456', 'ALA303', 'ARG393', 'LEU455', 'SER380', 'LEU433', 'GLU307', 'ILE373', 'TRP305', 'LEU422', 'ASN377', 'GLY429', 'ARG302', 'ARG426', 'ALA457', 'LEU430', 'VAL374', 'PHE376', 'GLY304', 'LYS381', 'TYR397', 'ASP379', 'PHE437', 'ASN306']}
pocket9	{'B': ['LYS297', 'PHE307', 'ALA310', 'TYR309', 'ILE296', 'GLN293', 'ARG306'], 'A': ['PHE415', 'GLU401', 'LYS405', 'ALA416', 'GLY413']}
